month,consumption
jan,2628.357143
feb,2374
mar,2628.357143
apr,2543.571429
may,2628.357143
jun,2543.571429
jul,2628.357143
aug,2628.357143
sep,2543.571429
oct,2628.357143
nov,2543.571429
dec,2628.357143
