,Jan,Feb,Mar,Apr,May,Jun,Jul,Aug,Sep,Oct,Nov,Dec
2009,86,377,479,219.6666667,443,303,316,198,326,232,118,73
2010,286,183,166,142,198,292,254,247,151,265,345,200
2011,261,306,149,231,358,219,167,157,227,233,230,213
2012,237,216,209,158,483,229,190,269,164,85,77,168
2013,69,233,199,250,211,406,236,247,177,210,210,165
2014,292,276,192,298,288,176,192,228,235,173,117,238
2015,230,79,223,239,330.1666667,1,0,0,48,87,172,266
2016,224,166,,,,,,,,,,
,,,,,,,,,,,,
